EmployeeID,Name,DOB,Position
3450,Foram Jivani,09/12/1991,MLE
3485,Abc XYC,01/01/1990,Sr MLE
3330,Def XYC,01/02/1996,Analyst
3200,ERF XYC,06/08/1992,MLE
2009,Abc XYC,01/01/1990,Sr MLE
2008,Def XYC,01/02/1996,Analyst
2001,ERF XYC,06/08/1992,MLE
2010,Abc XYC,01/01/1990,Sr MLE
1010,Def XYC,01/02/1996,Analyst
1100,ERF XYC,06/08/1992,MLE
5200,Abc XYC,01/01/1990,Sr MLE
2586,Def XYC,01/02/1996,Analyst
9874,ERF XYC,06/08/1992,MLE
1111,ERF XYC,06/08/1992,MLE
5598,Abc XYC,01/01/1990,Sr MLE
7845,Def XYC,01/02/1996,Analyst
9854,ERF XYC,06/08/1992,MLE
